,country,predictions
0,World,"[0.34097124228472964, 0.40415918179101773, 0.4785231858701447, 0.5659386563312921, 0.6685772141392625, 0.7889502556405841, 0.9299583735065748, 1.0949473461073684, 1.287771470422534, 1.5128650903229763, 1.7753232542468473, 2.080992524015439, 2.436573049817422, 2.849733125191431, 3.329237540045181, 3.885091159165612, 4.528699268004674, 5.2730463463650405, 6.132895053431301, 7.1250073337332935, 8.268389682272543, 9.584564737213158, 11.09787149907612, 12.835796604928463, 14.829339213071295, 17.113412176421463, 19.727282299148506, 22.7150525789161, 26.126189433796007, 30.016097995808966, 34.44674861910102, 39.48735779670769, 45.21512670217118, 51.71604056719318, 59.085732070009115, 67.43041183706002, 76.86786904837945, 87.52854498035998, 99.55668211348025, 113.11155117242069, 128.36875814691172, 145.5216329589093, 164.7827009905284, 186.38523816312062, 210.5849096566251, 237.66149167596296, 267.9206749042588, 301.69594742809255, 339.3505539755437, 381.27952727186783, 427.91178618966154, 479.71229415059736, 537.1842699257446, 600.8714415838758, 671.3603328559878, 749.2825696252436, 835.3171926216921, 930.1929607093879, 1034.6906274105233, 1149.64517152932, 1275.9479609322066, 1414.5488267263947, 1566.4580232747924, 1732.7480477112758, 1914.5552908989368, 2113.081490128808, 2329.5949523132745, 2565.431515014307, 2821.9952113899376, 3100.7586040730102, 3403.2627521444942, 3731.11677476085, 4085.9969746722327, 4469.645484857003, 4883.868401829058, 5330.533369876749, 5811.566581594949, 6328.9491616002015, 6884.7129022975105, 7480.935323016194, 8119.734026768691, 8803.260332323489, 9533.692163228849, 10313.226179882355, 11144.06914570796, 12028.428523970604, 12968.502307711746, 13966.468091705756, 15024.47140218875, 16144.613307359077, 17328.93733925148, 18579.415765489608, 19897.93525756847, 21286.282010640323, 22746.126378202356, 24279.007093533335, 25886.315158110046, 27569.27748546569, 29328.94039693177, 31166.153073335376, 33081.55107390101, 35075.54004022805, 37148.279709175564, 39299.668363684126, 41529.327854896306, 43836.58933230888, 46220.47982100574, 48679.709786198226, 51212.66182525885, 53817.38062610998, 56491.56432816241, 59232.557417945456, 62037.34528609937, 64902.550565495854, 67824.43136191125, 70798.88147891614, 73821.43272749496, 76887.25939842105, 79991.18496165151, 83127.69104205766, 86290.92870477277, 89474.73206643591, 92672.63423077438, 95877.88552844671, 99083.47402202516, 102282.14821760597, 105466.44190498313, 108628.70102880117, 111761.1124738103, 114855.73462849499, 117904.5295731307, 120899.39672095628, 123832.20772482718, 126694.8424466351, 129479.22577312976, 132177.36504973122, 134781.38789364276, 137283.5801392064, 139676.423662116, 141952.63382492453, 144105.19628433633, 146127.4029011259, 148012.88649620936, 149755.65420142593, 151350.11916094873, 152791.13034889873, 154074.0002806173, 155194.5304090634, 156149.03401383234, 156934.35640819592, 157547.8923091787, 157987.6002368284, 158252.0138313065, 158340.25, 158096.086208789, 157365.85154605203, 156156.2814170109, 154478.48648621273, 152347.78275653187, 149783.4587965645, 146808.48506382023, 143449.17144907755, 139734.7801794705, 135697.10203908492, 131370.0044770615, 126788.96056219812, 121990.56790459942, 117012.06660084818, 111890.86497806026, 106664.08142889787, 101368.10996460692, 96038.21629156331, 90708.17026749277, 85409.9195478826, 80173.30812396441, 75025.84231412354, 69992.505632966, 65095.62285698069, 60354.772560477344, 55786.746434475746, 51405.55284463794, 47222.46134789034, 43246.0842821418, 39482.49107584927, 35935.350595949865, 32606.09666145264, 29494.11178950989, 26596.924301497063, 23910.414086225155, 21429.022581506066, 19145.9628780694, 17053.426254675986, 15142.781903395378, 13404.767082988545, 11829.665430605339, 10407.471653273584, 9128.041298221124, 7981.224754041751, 6956.985054163737, 6045.499433085288, 5237.244919486926, 4523.0685356009035, 3894.2429078688638, 3342.5082802883894, 2860.1020606415223, 2439.777123853425, 2074.810149776178, 1759.0012891144213, 1486.6664358109267, 1252.6233420104488, 1052.1727477620948, 881.0756168121385, 735.5274768196322, 612.1307613641587, 507.8659460305048, 420.0621649762552, 346.3678905258576, 284.7221587786118, 233.32673075485013, 190.61949254609652, 155.24932016003234, 126.05256575310682, 102.03126188378847, 82.3330891810679, 66.23311006518878, 53.1172363677407, 42.467371238521785, 33.848144877761406, 26.89514863090286, 21.30456205337371, 16.824061932285932, 13.244900212441888, 10.395038636092595, 8.133231049969297, 6.343949205524222, 4.933053994333161, 3.82412100440131, 2.9553367055521202, 2.27688918679623, 1.748784946833951, 1.3390306036506279, 1.0221254090079432, 0.7778170361585796, 0.5900791949302299, 0.44627518520383735, 0.33647651730570377, 0.25291021248245593, 0.18951236772860333, 0.14156905521853283, 0.10542866197275746, 0.07827239825892371, 0.057931953267873704, 0.04274519351171255, 0.03144242171506194, 0.0230570782785429, 0.016855907705726307, 0.012284559840845824, 0.008925378465778257, 0.006464772794635166, 0.004668092750923007, 0.0033603558632351407, 0.002411518800272734, 0.0017252642262264688, 0.001230495889602081, 0.0008749118572222953, 0.0006201660992719459, 0.00043823930603625844, 0.0003087267186799159, 0.0002168186778469986, 0.00015180243972527844, 0.00010595474145918219, 7.372616190633454e-05, 5.114255726736651e-05, 3.5367376001626714e-05, 2.438275775452837e-05, 1.6758007992044788e-05, 1.1482105882918638e-05, 7.842965174101792e-06, 5.340705255562741e-06, 3.6255718789322833e-06, 2.453657912969923e-06, 1.6554310337704854e-06, 1.1134424026940798e-06, 7.465931570621525e-07, 4.990681318443528e-07, 3.325793325135493e-07, 2.209480947125919e-07, 1.463338670023942e-07, 9.661821790161966e-08, 6.359643644315365e-08, 4.173170458465176e-08, 2.729977405171168e-08, 1.7803753215241146e-08, 1.1575071005113808e-08, 7.502315895887114e-09, 4.84759819098264e-09, 3.122607996970399e-09, 2.005247139084959e-09, 1.2837425259905657e-09, 8.193086420144325e-10, 5.21286800609924e-10, 3.306476998778066e-10, 2.0908066290028962e-10, 1.3180194396456078e-10, 8.283032170089002e-11, 5.1893918491552235e-11, 3.241180128053484e-11, 2.0181314699383002e-11, 1.252723794912919e-11, 7.752125299608814e-12, 4.78239920646841e-12, 2.941239924616801e-12, 1.803327743828174e-12, 1.1022458211263385e-12, 6.716481805900538e-13, 4.08004364852877e-13, 2.4708555733928496e-13, 1.491727503985068e-13, 8.978240167163975e-14, 5.3870688344409834e-14, 3.222355238165208e-14, 1.9215597460195423e-14, 1.1423362364020971e-14, 6.770076863582613e-15, 3.999934046127194e-15, 2.355980254616602e-15, 1.3834072494080666e-15, 8.098191322997384e-16, 4.725911707846241e-16, 2.749430583539295e-16, 1.5946284195354605e-16, 9.220104117809243e-17, 5.3146141045568893e-17, 3.0539873311406874e-17, 1.749533696125126e-17, 9.991644571470575e-18]"
1,Brazil,"[52.63519988344439, 59.968456711140206, 68.23111320483845, 77.52736619614129, 87.97121535301596, 99.68714138498459, 112.81080064217133, 127.48973231956785, 143.88407384397658, 162.16727935367393, 182.52683548412443, 205.16496795220806, 230.29933169261554, 258.1636765505248, 289.00847978272424, 323.1015358743835, 360.7284934511051, 402.1933283672604, 447.8187413942816, 497.94646833001053, 552.9374898163992, 613.1721277027648, 679.0500144405892, 750.9899217592962, 829.4294347661561, 914.8244576532512, 1007.6485373953628, 1108.391992199584, 1217.560832033772, 1335.675459329392, 1463.2691389353847, 1600.8862276024815, 1749.0801547086394, 1908.411147599717, 2079.4436968169202, 2262.7437586112474, 2458.875694500451, 2668.398950196085, 2891.864479004605, 3129.8109177696815, 3382.7605265521183, 3651.2149065132694, 3935.6505138485504, 4236.5139910756, 4554.217340479962, 4889.132968018466, 5241.58862943294, 5611.862313687409, 6000.177102061152, 6406.696044257125, 6831.517095668071, 7274.668162428867, 7736.102303021285, 8215.693136935843, 8713.230512185954, 9228.416484267054, 9760.86165941591, 10310.081954716003, 10875.49582668308, 11456.422018425535, 12052.077873289933, 12661.57826006378, 13283.935151313728, 13918.05789229698, 14562.75419311318, 15216.731871391712, 15878.601366870866, 16546.87904276809, 17219.991281919833, 17896.279378350217, 18574.005217283127, 19251.35772872354, 19926.460091687637, 20597.377658052155, 21262.1265569182, 21918.682932445245, 22564.992760409896, 23198.982181384355, 23818.568281513926, 24421.670245499863, 25006.22080065909, 25570.17786592415, 26111.536315446865, 26628.33976315059, 27118.692272200427, 27580.769891979995, 28012.831924815826, 28413.231825401148, 28780.427637652152, 29112.991876577762, 29409.620766642172, 29669.1427530152, 29890.526207992825, 30072.886261669577, 30215.49069358156, 30317.764830430035, 30379.295404043198, 30399.83333333333, 30352.956190226327, 30212.758028094922, 29980.531981162265, 29658.411192141302, 29249.336189007172, 28757.010194854185, 28185.843320692562, 27540.886817197243, 26827.758755754603, 26052.562666817237, 25221.8007809254, 24342.283592437143, 23421.03749702621, 22465.21224170534, 21481.989872161597, 20478.496769403802, 19461.720240046707, 18438.430966820768, 17415.11244363579, 16397.89831877264, 15392.518356832814, 14404.253511298, 13437.90038113847, 12497.745112703415, 11587.54660744663, 10710.528711537276, 9869.380898949272, 9066.266818232518, 8302.839956968597, 7580.26558812834, 6899.248099531082, 6260.062770891903, 5662.591051332825, 5106.358401889562, 4590.573800105976, 4114.170054512487, 3675.844142594803, 3274.0968635861113, 2907.271183835036, 2573.588744460139, 2271.1840955126518, 1998.1363151877558, 1752.497764312648, 1532.3198133054832, 1335.675459329315, 1160.6788241306547, 1005.501587109085, 868.3864629335341, 747.6578782636052, 641.7300379155247, 549.1125974591141, 468.41417728987716, 398.3439634047829, 337.71164326314306, 285.425922157587, 240.4918574181905, 202.0072354934582, 169.15820143742903, 141.214332473291, 117.52332791994999, 97.50546759275046, 80.64797046182083, 66.49936541090668, 54.66396682572288, 44.79652979680772, 36.59714319944493, 29.806403981162653, 24.20090274035495, 19.589039148648908, 15.807175932354115, 12.716131919269175, 10.198007977798376, 8.153334403323575, 6.498524304000195, 5.163614658020781, 4.090274807967138, 3.2300610787918442, 2.542895814392516, 1.995749293251561, 1.56150358724682, 1.2179783631961472, 0.9470998009164591, 0.734195134719688, 0.567396750306172, 0.43714123096985297, 0.33575020198335104, 0.257081236004186, 0.19623843008714867, 0.14933352867036728, 0.11328963532232958, 0.0856806229054149, 0.06460031512312152, 0.048556373428515986, 0.036384585685287976, 0.027179922248454585, 0.020241307895675072, 0.015027561606550265, 0.011122388173681776, 0.008206673657248505, 0.006036648165796527, 0.004426741380169125, 0.0032361751666814265, 0.002358519528263173, 0.0017135884135371857, 0.00124117535178059, 0.0008962297433065877, 0.0006451566053674774, 0.0004629888459093065, 0.00033123444565261797, 0.00023624359542981013, 0.00016797481777952798, 0.00011906603694796876, 8.413780996062541e-05, 5.9272615733626355e-05, 4.16271394677124e-05, 2.9144635474819848e-05, 2.0342310191095197e-05, 1.4154727141449624e-05, 9.818888230682958e-06, 6.790202338866997e-06, 4.68125932569074e-06, 3.217379345787502e-06, 2.2044559431756155e-06, 1.5057752790704327e-06, 1.0253649950127319e-06, 6.960755768515054e-07]"
2,Chile,"[0.10094429975332896, 0.12861683902063428, 0.16345584942057545, 0.20719997784987798, 0.26197843612401495, 0.33039083290207005, 0.41560143181570797, 0.5214500149664307, 0.6525817680893323, 0.8145988470573925, 1.0142365303450365, 1.259567102663328, 1.5602348439221778, 1.9277257061694528, 2.3756754388108456, 2.920220057173781, 3.5803926276039286, 4.3785703483725475, 5.340975822755303, 6.498236230335671, 7.886003785348321, 9.545640406352472, 11.524968888993627, 13.879092052550135, 16.67128030172952, 19.973926789807788, 23.869567872315336, 28.451964790282034, 33.82724051148452, 40.11506338598141, 47.44986674435062, 55.98209079760739, 65.87943021039024, 77.3280675477831, 90.53386948665128, 105.72351929235342, 123.14555566143238, 143.0712847034231, 165.79552867557513, 191.63717220010136, 220.9394642017712, 254.07003183006347, 291.42056130646483, 333.4061000986154, 380.4639352031634, 433.0520037477851, 491.64679472012165, 556.7407045030888, 628.8388141284311, 708.45506281468, 796.1078004628066, 892.3147113384455, 997.5871121291536, 1112.4236398407143, 1237.3033584528262, 1372.6783277082122, 1518.965692627282, 1676.5393680425013, 1845.7214083062606, 2026.7731679766696, 2219.886374326011, 2425.1742465190855, 2642.662808829457, 2872.2825558517297, 3113.8606358862703, 3367.1137240993826, 3631.6417593129067, 3906.9227170186596, 4192.308586175906, 4487.022708342452, 4790.158624610624, 5100.680558666469, 5417.425643170112, 5739.107971786252, 6064.3245309089025, 6391.563033869716, 6719.211646746924, 7045.570559452598, 7368.8653193050695, 7687.261807595016, 7998.882703581161, 8301.82524578544, 8594.180068281752, 8874.050860749, 9139.574576202333, 9388.94189026796, 9620.417601270772, 9832.360651785995, 10023.243450053556, 10191.670174001158, 10336.393751638829, 10456.331229173562, 10550.5772620748, 10618.41549406023, 10659.327623968602, 10673.0, 10656.542023309961, 10607.320207913108, 10525.78855700782, 10412.695990232101, 10269.074890057738, 10096.22541164191, 9895.695889618422, 9669.259754711798, 9418.889441285388, 9146.727822288733, 8855.057749268917, 8546.270301331093, 8222.83235782304, 7887.254105199737, 7542.057069575406, 7189.74323389427, 6832.7657538260155, 6473.501731112937, 6114.227439106294, 5757.096324747189, 5404.1200364851775, 5057.15265081772, 4717.87819345142, 4387.801476583212, 4068.242203343589, 3760.33222566694, 3465.015784115667, 3183.052508544313, 2915.0229176933817, 2661.336124280082, 2422.2394300285173, 2197.8294821922036, 1988.0646590455624, 1792.7783559131565, 1611.6928547370685, 1444.4334779843675, 1290.542750801737, 1149.494322613213, 1020.706429697685, 903.554712568262, 797.384235157206, 701.5205859242294, 615.2799731964177, 537.9782575806696, 468.9388925626275, 407.4997699531185, 353.0189893326805, 304.87958987350623, 262.49329880232216, 225.3033633300313, 192.7865422293256, 164.45433958129792, 139.8535667877318, 118.56632005266015, 100.20945949883256, 84.43367324023754, 70.92220542069902, 59.389321781643986, 49.57858005210889, 41.26096564859324, 34.23294608909344, 28.31449038884031, 23.347092704365934, 19.191832781899254, 15.727499466159207, 12.848797724801422, 10.464654401316313, 8.496633258333931, 6.877465824928749, 5.549701107769741, 4.46447434386241, 3.5803926276035094, 2.8625333939332736, 2.281550334045497, 1.812880308939933, 1.4360441567804625, 1.1340339111709612, 0.8927788099828835, 0.700682532476842, 0.5482243143883019, 0.42761691907496685, 0.3325148550764435, 0.25776669848617256, 0.1992058788486047, 0.1534748005682457, 0.11787768263318239, 0.09025799588394709, 0.06889685023449048, 0.052429127950224405, 0.03977456930559566, 0.03008139150772186, 0.022680359979245814, 0.01704753338349063, 0.012774171448935967, 0.009542529624321049, 0.007106469196778713, 0.00527598830125311, 0.003904930914458049, 0.002881260136639345, 0.0021193914179424124, 0.001554173348007777, 0.0011361804907041443, 0.0008280466096355633, 0.0006016193884072517, 0.000435761090671141, 0.000314655016210984, 0.00022650638816288756, 0.0001625495738153179, 0.00011629225725306801, 8.294216176697341e-05, 5.897385062947393e-05, 4.1802591429086915e-05, 2.9539729243354023e-05, 2.0809871580161983e-05, 1.4614766293857791e-05, 1.0232315783181452e-05, 7.141929835236786e-06, 4.969547073636101e-06, 3.4472884419129235e-06, 2.383954831859631e-06, 1.6435314047696737e-06, 1.1295815138544624e-06, 7.739568182340917e-07, 5.286588047144578e-07]"
3,Bangladesh,"[26.382774630662126, 30.087815901700758, 34.25187838599274, 38.92258344272837, 44.15119453213009, 49.99272301389048, 56.5060125907428, 63.753798567722704, 71.80273792269256, 80.72340604641273, 90.59025591815444, 101.48153544292556, 113.47915869617763, 126.66852690849107, 141.13829518296228, 156.98008117802112, 174.28811231360555, 193.158808473485, 213.6902976843145, 235.98186285465576, 260.13331835502754, 286.24431601166333, 314.4135809687155, 344.7380788407865, 377.31211662236194, 412.22638093321854, 449.56691834719044, 489.41406376158943, 531.8413239997132, 576.9142250808962, 624.6891328212407, 675.2120576217206, 728.5174554357781, 784.6270379617931, 843.5486060525118, 905.2749211490717, 969.782630207672, 1037.0312600690715, 1106.962297503391, 1179.498371225703, 1254.5425520046813, 1331.9777865635126, 1411.6664802892612, 1493.4502428179917, 1577.1498093467649, 1662.5651490435187, 1749.475770190272, 1837.6412297176803, 1926.8018525885866, 2016.6796640888622, 2106.9795355144297, 2197.3905410375114, 2287.587520730529, 2377.2328418641137, 2465.978347720699, 2553.4674803237112, 2639.3375607224116, 2723.222207842391, 2804.7538744595663, 2883.5664766277628, 2959.2980909307225, 3031.593692279362, 3100.1079036707224, 3164.507728397553, 3224.475234672174, 3279.7101625238874, 3329.932423157308, 3374.8844617236346, 3414.3334556543277, 3448.073322325365, 3475.9265118407075, 3497.7455631192015, 3513.4144042056114, 3522.8493807636232, 3526.0, 3520.562838395102, 3504.301607149032, 3477.3662936390488, 3440.0043157086466, 3392.5567377816533, 3335.453087365255, 3269.2048821132344, 3194.3980038521313, 3111.6840785132836, 3021.7710392007934, 2925.4130632364095, 2823.400082684665, 2716.5470714591997, 2605.683310684369, 2491.6418277263074, 2375.249193545507, 2257.315848214235, 2138.6271061467455, 2019.9349714502755, 1901.9508705198712, 1785.3393843012027, 1670.7130372700535, 1558.6281748439712, 1449.581936328343, 1344.0103072228515, 1242.2872133141225, 1144.7245999055413, 1051.5734231356926, 963.0254668590708, 879.2158881487462, 800.2263871714185, 726.0888929269848, 656.7896549980935, 592.2736328070636, 532.449077654165, 477.1922086922964, 426.3518916262461, 379.75423794005326, 337.2070524795313, 298.50406788304053, 263.4289153156852, 231.75879190188633, 203.2677958859335, 177.7299106370693, 154.92162795613459, 134.6242095806892, 116.6255932153126, 100.72195576632464, 86.71895170776612, 74.43264865564417, 63.690185318148785, 54.33017908401166, 46.2029116924522, 39.17032179384237, 33.105832867317865, 27.894044021838052, 23.430309782946193, 19.62023316800119, 16.379094281245756, 13.631234411781108, 11.309413277442468, 9.354154699808014, 7.713093682712853, 6.340335649674578, 5.195836514351856, 4.244810341764247, 3.4571696260696445, 2.807001674213945, 2.2720832473249106, 1.8334344707201449, 1.4749120712507124, 1.1828412259842567, 0.9456846947445631, 0.7537474447525926, 0.598914641555533, 0.47442065930927674, 0.3746466383199483, 0.29494407233201975, 0.2314819272475728, 0.18111486297509155, 0.14127023860754548, 0.1098517173240457, 0.08515744203712586, 0.0658109180942734, 0.050702908910675006, 0.038942819166551214, 0.029818204205640155, 0.022761200592786787, 0.0173208193715442, 0.013140179084749395, 0.009937879364398695, 0.007492827629234585, 0.005631931294873789, 0.004220156331766909, 0.003152530633875763, 0.002347738254271689, 0.0017430089712562977, 0.0012900577536193272, 0.0009518713802857987, 0.0007001755963332658, 0.000513446568450803, 0.0003753557959545406, 0.0002735587319005899]"
4,Canada,"[206.31349768696148, 225.34835287782283, 245.6825184985483, 267.35434336136643, 290.3978211536598, 314.84194327753033, 340.7100436850366, 368.0191426180999, 396.7792967647391, 426.99296388065216, 458.65439038247155, 491.749030781839, 526.2530080840521, 562.1326244086641, 599.3439310906895, 637.8323673802884, 677.5324765683202, 718.3677079196124, 760.250312192489, 803.0813377621283, 846.7507334498096, 891.1375630963428, 936.1103357154191, 981.5274537339585, 1027.2377803875377, 1073.081325808422, 1118.8900497430325, 1164.4887771887575, 1209.6962215727533, 1254.3261084352914, 1298.1883909558637, 1341.0905471008105, 1382.83894670576, 1423.2402754631066, 1462.1030015913138, 1499.2388699442822, 1534.464407498272, 1567.6024235507327, 1598.483487596205, 1626.947367721651, 1652.844412495172, 1676.0368597116405, 1696.4000560050438, 1713.8235722342454, 1728.212200685546, 1739.486821496399, 1747.5851272699456, 1752.4621965957767, 1754.090909090909, 1752.8329732940279, 1749.0645760428113, 1742.8019089941288, 1734.0718294266587, 1722.9116683718553, 1709.3689646895925, 1693.501127739199, 1675.3750319952564, 1655.0665476134805, 1632.6600115570757, 1608.247644440866, 1581.9289187327963, 1553.8098843646374, 1524.0024581415485, 1492.6236836002681, 1459.7949681460193, 1425.6413043977948, 1390.2904826907284, 1353.872301624146, 1316.5177834070435, 1278.3584005426624, 1239.5253201149749, 1200.1486715974868, 1160.3568437049798, 1120.2758153582324, 1080.0285253376908, 1039.7342846720908, 999.5082352500093, 959.4608575643531, 919.6975299097669, 880.3181407588945, 841.41675545291, 803.0813377621292, 765.3935263106822, 728.4284653214632, 692.254688629691, 656.934055440368, 622.5217358711506, 589.0662439311776, 556.6095152410501, 525.1870265015285, 494.8279534697911, 465.55536400287787, 437.38644257800473, 410.3327425978866, 384.400462734614, 359.5907435558687, 335.89998070982125, 313.32015101692707, 291.8391479246505, 271.4411229213064, 252.10682967381126, 233.8139678472356, 216.53752377755043, 200.25010539881788, 184.922269068263, 170.52283618331205, 157.0191977400339, 144.37760523898635, 132.56344659896155, 121.54150598855487, 111.27620672717117, 101.73183663864663, 92.87275546007331, 84.66358411395906, 77.069375842154, 70.05576937399111, 63.58912445807138, 57.63664022663954, 52.16645698338561, 47.14774210985189, 42.55076087276434, 38.34693298505462, 34.5088758278125, 31.010435279760785, 27.826705126055177, 24.934036030364663]"
5,China,"[98.31486525263104, 139.5562661528349, 194.74150018218884, 267.14478344669044, 360.25822249277996, 477.59538614106623, 622.4226098098962, 797.4245735110851, 1004.3217921549651, 1243.4696070772632, 1513.4792811545326, 1810.90973046109, 2130.0811125853497, 2463.0571998541486, 2799.831341025328, 3128.7312549439944, 3437.03272778049, 3711.7446513622626, 3940.501817370849, 4112.481808077954, 4219.251995196284, 4255.454545454545, 4222.338335451091, 4124.527973257969, 3966.519787940861, 3755.425455453171, 3500.4414268983137, 3212.1856153732165, 2901.967869383649, 2581.0636528316627, 2260.0548491240393, 1948.2890604117438, 1653.4914498957887, 1381.543817913115, 1136.4269460859134, 920.3065872097224, 733.7323831333179, 575.9131462096158, 445.0311863943728, 338.5618730091082, 253.57112647713888, 186.97162390106084, 135.72684338932257, 96.99960065107936, 68.24774283446756, 47.27382981410094, 32.23795101507262, 21.643536427608908, 14.30550404546404, 9.308769022012516, 5.9634213089111805, 3.761082675238926, 2.3353093388139294, 1.42754596473781, 0.8591122945253135, 0.5090071891297719, 0.2969012644131329, 0.170496051905813, 0.09638972805353704, 0.05364896303069153, 0.029397206137073584, 0.015858603180453797, 0.00842244057255934, 0.004403775056547865, 0.0022668691274928755, 0.001148793361294662, 0.0005731542739375519, 0.0002815239206005482, 0.0001361360726137087, 6.481048653181203e-05, 3.037606368427477e-05, 1.4016250682128392e-05]"
6,Colombia,"[0.03571753305670493, 0.04533087943505323, 0.057383598313850336, 0.07245399801062835, 0.09124684895122066, 0.11461839972756675, 0.14360572352558928, 0.17946100771318474, 0.2236914571903412, 0.2781055392274855, 0.34486635229914386, 0.42655295185230596, 0.5262305096525026, 0.6475302175532123, 0.7947398680630622, 0.972906049370301, 1.1879488775759726, 1.44679014949186, 1.7574957308937287, 2.129432892788456, 2.5734431671503315, 3.1020311088202277, 3.7295691171300875, 4.472518184963349, 5.349664100609855, 6.382368225951188, 7.594831511317408, 9.01436988223138, 10.671698547275263, 12.60122213246812, 14.841326851026045, 17.434670175837937, 20.428462705768638, 23.87473611919966, 27.83059030522052, 32.35841197379003, 37.52605629316253, 43.4069824108734, 50.080333111062366, 57.63094837543901, 66.1493022788359, 75.73135249496227, 86.47829174556753, 98.4961908276725, 111.89552342767959, 126.79056380366062, 143.29864960905732, 161.53930365777077, 181.6332103004855, 203.7010442951085, 227.86215260111337, 254.23309238870712, 282.9260316984187, 314.0470225727229, 347.694160054762, 383.9556441447847, 422.90776554636267, 464.6128397357318, 509.11711745438356, 556.4487030564087, 606.6155151331369, 659.6033263818073, 715.3739216774903, 773.8634146481089, 834.9807636492544, 898.6065278083314, 964.5919026911287, 1032.7580730912805, 1102.895917428456, 1174.7660942622397, 1248.09953650891, 1322.5983731376307, 1397.9372914981611, 1473.7653460980582, 1549.7082117329912, 1625.370870532213, 1700.3407138857533, 1774.1910315604016, 1846.4848517899054, 1916.779087949624, 1984.6289398068193, 2049.5924904795415, 2111.2354343333877, 2169.1358662727907, 2222.8890593956294, 2272.112155902521, 2316.4486955779535, 2355.5729071461838, 2389.1936903679957, 2417.058220862161, 2438.9551152438607, 2454.7171011679293, 2464.223145106193, 2467.4, 2463.595220492364, 2452.216048065661, 2433.3674398539392, 2407.222532212001, 2374.019992853787, 2334.0603935805534, 2287.7016806937595, 2235.3538385436045, 2177.472857437231, 2114.5541299274073, 2047.1254090270895, 1975.7394679569325, 1900.9666035503205, 1823.3871244420343, 1743.5839607861294, 1662.135524717579, 1579.6089404094735, 1496.553749774952, 1413.4961850698837, 1330.93408335812, 1249.3325005175234, 1169.1200647079213, 1090.6860914946158, 1014.3784655974346, 940.5022779471539, 869.3191917558894, 801.0474979599923, 735.8628089180397, 673.8993298151082, 615.2516399371007, 559.9769108640835, 508.09748565174203, 459.60374212770733, 414.45716437553847, 372.5935491219191, 333.92627785801824, 298.34959086744175, 265.74180564188526, 235.9684291798059, 208.88512112723038, 184.34047239078893, 162.17857150842724, 142.24133850509145, 124.37061301925833, 108.40999002239549, 94.20640235944202, 81.61145453756731, 70.48251663579961, 60.68359088024451, 52.08596633378799, 44.56867931196833, 38.01879860235121, 32.33155539136602, 27.41033805845907, 23.16657175746458, 19.519502047499497, 16.395900839036145, 13.729711661578598, 11.461649809854164, 9.538771352135198, 7.91402334678433, 6.545785963217894, 5.397415585004452, 4.436796421442727, 3.6359066975359533, 2.970404151239111, 2.4192343548962683, 1.9642643025965654, 1.5899427692709827, 1.2829881489094968, 1.0321038129903597, 0.8277204880866579, 0.6617647237131977, 0.5274521965917605, 0.419104363747624, 0.33198682211562947, 0.2621676447506071, 0.20639393195463007, 0.1619848290671189, 0.1267393116576123, 0.0988571147873675, 0.07687127831121679, 0.05959088839546352, 0.046052711090700575, 0.03548053245779907, 0.027251137836514033, 0.02086597761117315, 0.015927676217425447, 0.012120643708833851, 0.009195144036786914, 0.006954260789483081, 0.005243279322851224, 0.003941074100105386, 0.002953151937890435, 0.0022060561786798236, 0.0016428841090725941, 0.0012197108155637519, 0.0009027477315032128, 0.0006660939999197902, 0.0004899640574000851, 0.0003592961040826749, 0.0002626638941968899, 0.00019142904568675994, 0.0001390832642140029, 0.0001007398964791505, 7.274241422270983e-05, 5.2364083402333815e-05, 3.757845202210395e-05, 2.688461684120866e-05, 1.9174692208735145e-05, 1.3633662423232828e-05, 9.663985204921678e-06, 6.829038502300358e-06, 4.8108570352189335e-06, 3.37866338924995e-06, 2.3655219679023626e-06, 1.651081952165581e-06, 1.148867277193827e-06, 7.969492646468611e-07, 5.511262205687673e-07, 3.7995403243030944e-07, 2.61138332922749e-07]"
7,Belgium,"[34.95186958530377, 43.9094473155288, 54.76459665100885, 67.81038017549672, 83.35791212759398, 101.73065494839933, 123.25689297309177, 148.2603273131681, 177.04882806504017, 209.90148996684417, 247.05426152666547, 288.68454954647257, 334.8953331312489, 385.6994444536303, 441.00477748753576, 500.60126006719287, 564.1504589448422, 631.1786734603866, 701.0743048743544, 773.0901625237241, 846.3511859005506, 919.8678291002249, 992.555080900098, 1063.256794233446, 1130.7746906696286, 1193.9011086602866, 1251.4542996052419, 1302.3148633205171, 1345.4617719001567, 1380.0063718584313, 1405.222787044178, 1420.573271038083, 1425.7272727272727, 1424.185946096144, 1419.5719567924796, 1411.9151687346307, 1401.2649972459562, 1387.6898779132196, 1371.2765342137911, 1352.129054876102, 1330.3677947045487, 1306.1281151042901, 1279.5589827375552, 1250.8214465928706, 1220.0870152215355, 1187.5359569699067, 1153.3555466985827, 1117.7382827265037, 1080.8800975743402, 1042.9785855209327, 1004.231269050731, 964.8339249881885, 924.9789895224271, 884.8540594631193, 844.6405049816456, 804.512206828455, 764.6344286282874, 725.1628323902213, 686.2426428794845, 648.0079640309816, 610.5812481861018, 574.0729166465061, 538.5811278986114, 504.1916879027368, 470.9780950880457, 439.0017111693991, 408.3120476198586, 378.94715660172403, 350.9341143827151, 324.2895847397652, 299.02044957335, 275.12449390825134, 252.59113262608923, 231.40216664150273, 211.532556775537, 192.95120427271485, 175.6217277273261, 159.50322710398186, 144.5510265318834, 130.7173885965826, 117.95219392350982, 106.20358092200746, 95.41854161680901, 85.54347051783667, 76.52466445326382, 68.3087722019681, 60.84319359931519, 54.076428546773386, 47.958377025730684, 42.44059179599048, 37.47648594882866, 33.02149788422727, 29.033216594688334, 25.47147036806313]"
8,Belarus,"[144.20677533212785, 156.69207964358992, 169.9409554605991, 183.96647997991823, 198.77830065781623, 214.38227749878342, 230.78013289979552, 247.96911372548828, 265.94167049527243, 284.68515870972493, 304.18156742341444, 324.4072801782331, 345.33287333987215, 366.9229567259186, 389.1360611741149, 411.92457737195554, 435.23474985397377, 459.0067295723776, 483.17468786351094, 507.66699397209004, 532.4064575642093, 557.3106368674153, 582.2922122320019, 607.2594240239556, 632.1165728498418, 656.7645791917456, 681.1015986113706, 705.0236877824477, 728.4255157458678, 751.2011139686202, 773.2446580414976, 794.4512731867809, 814.7178551798368, 833.9438978305097, 852.0323178324588, 868.8902675803292, 884.4299264827927, 898.5692613686388, 911.232746795222, 922.3520364230848, 931.8665771141368, 939.7241580374165, 945.8813878175986, 950.3040936260386, 952.9676370789649, 953.8571428571429, 953.3255995523506, 951.7327462142924, 949.0839026791863, 945.387902442028, 940.6570435775928, 934.9070205651766, 928.1568375459825, 920.4287036840843, 911.7479114372413, 902.1426986712124, 891.6440956693756, 880.2857581973157, 868.1037878786021, 855.1365412223913, 841.4244287150601, 827.0097054462339, 811.936254783925, 796.2493666438078, 779.9955119138216, 763.2221145974144, 745.9773232270119, 728.3097830741305, 710.2684106444316, 691.9021718956136, 673.259865554112, 654.3899128340081, 635.3401547793189, 616.1576583599965, 596.8885323536426, 577.5777539403177, 558.2690068280903, 539.0045316134018, 519.8249889641072, 500.76933609545546, 481.87471689149265, 463.17636590755615, 444.7075263748107, 426.49938221621125, 408.5810039758246, 390.9793084610206, 373.7190318004474, 356.82271553065704, 340.31070524134884, 324.20116123396684, 308.51008058121977, 293.2513299162906, 278.4366882302558, 264.07589891463516, 250.17673025304023, 236.74504354146836, 223.7848680007274, 211.29848163649635, 199.2864972022835, 187.74795242763633, 176.68040368791117, 166.08002231221727, 155.94169275224965, 146.25911186603543, 137.0248886065267, 128.23064344486494, 119.86710690137645, 111.92421660332653, 104.39121233652769, 97.25672860748254, 90.50888428324834, 84.13536892710415, 78.12352549885573, 72.46042913874369, 67.13296180299977, 62.12788256670095, 57.43189345537223, 53.03170071044921, 48.914071434985786, 45.06588560464762]"
9,Argentina,"[0.0071868426791764075, 0.009430722602303602, 0.012338087903580767, 0.016093362977061945, 0.020928678684169838, 0.027135190268954338, 0.03507680181951809, 0.04520673731548676, 0.05808746129778521, 0.07441452009823583, 0.09504494673103049, 0.12103094800196616, 0.15365966976820786, 0.19449991376160222, 0.24545675463895042, 0.3088350760403427, 0.3874131059007672, 0.48452707989516797, 0.6041681928524893, 0.7510930057270053, 0.9309484540987986, 1.1504125464428612, 1.4173517393332102, 1.7409958247786983, 2.1321309543307043, 2.603311147883903, 3.169088285053829, 3.8462601472814644, 4.6541355641973, 5.61481511473516, 6.753485140621342, 8.098722048439239, 9.682803010933688, 11.542018236721283, 13.71697897243273, 16.252914349431855, 19.19994911041959, 22.613353176293735, 26.553752972528798, 31.087293463898337, 36.28573898790488, 42.226500275968476, 48.99257455531789, 56.67238538339824, 65.35950893045151, 75.15227384323268, 86.15322263859478, 98.46842382928438, 112.20662570718706, 127.47824492264188, 144.3941857109494, 163.06448882277434, 183.59681289109622, 206.09475507285055, 230.65602227837562, 257.37046906643656, 286.3180232377124, 317.5665251874405, 351.16951204394053, 387.1639823755533, 425.5681816350881, 466.3794523630069, 509.5721963219252, 555.0959980236486, 602.8739603845394, 652.8013033708836, 704.7442753615527, 758.5394244781393, 813.9932732648678, 870.8824348331451, 928.9542019525634, 987.9276326505613, 1047.4951468016777, 1107.3246381144193, 1167.062095071654, 1226.334712999775, 1284.754467815457, 1341.9221104340077, 1397.4315296430455, 1450.8744207781283, 1501.8451881063215, 1549.9460007366363, 1594.791915412421, 1636.015974941886, 1673.2741884831796, 1706.2502995582536, 1734.6602496012965, 1758.256249062279, 1776.8303745248204, 1790.2176188322321, 1798.298331652703, 1801.0, 1798.2228224474134, 1789.9169581609208, 1776.1590172557935, 1757.0753750967876, 1732.840239575938, 1703.6730035010848, 1669.8349383681043, 1631.625299188227, 1589.3769215548566, 1543.4514014749375, 1494.2339554420798, 1442.1280626531714, 1387.5499931077761, 1330.9233246008364, 1272.673548421747, 1213.222858075853, 1152.9852077804417, 1092.361718142453, 1031.7364956273245, 971.4729205349655, 911.9104455832291, 853.3619342380507, 796.1115549897879, 740.4132352034447, 686.4896662814396, 634.5318409468902, 584.6990937123879, 537.1196072227403, 491.891340276003, 449.08332800791044, 408.7373009914138, 370.869567827992, 335.4731051195594, 302.51979940031805, 271.96278753691183, 243.7388451091395, 217.77077618232252, 193.96976248724786, 172.23763514340212, 152.46903750917642, 134.55345334190275, 118.37708003837133, 103.82453215841359, 90.7803655863193, 79.13041745575677, 68.76296127476496, 59.56968048235338, 51.44646691297524, 44.29405332549257, 38.018491273061585, 32.531487169026086, 27.750610473711006, 23.59938853037618, 20.007302765374394, 16.909700792410515, 14.247638480808376, 11.96766532021727, 10.021565495056763, 8.366066023971527, 6.962522171190521, 5.776589141427648, 4.777887865670515, 3.9396715038473764, 3.2384981579874976, 2.6539142264173834, 2.1681518506855957, 1.765843022277774, 1.4337521313838106, 1.1605280568440624, 0.936476313603795, 0.7533512876694649, 0.6041681928524238, 0.4830340712521152, 0.3849969222913838, 0.3059118744871001, 0.24232320119569128, 0.1913609176444206, 0.15065067336073953, 0.1182356639174358, 0.09250932167275665, 0.0721576006047049, 0.05610973990374541, 0.04349646996848091, 0.033614708873450486, 0.025897883989825777, 0.019891099636687108, 0.015230455409630722, 0.011625899678845437, 0.008847077620008822, 0.006711702362913688, 0.005076041048009657, 0.003827164651234115, 0.0028766614469845986, 0.0021555591473375506, 0.0016102404060153854, 0.0011991709007213025, 0.0008902890406218356, 0.0006589319382496904, 0.00048619408845567883, 0.0003576336497436789, 0.0002622567412875486, 0.00019172313911347923, 0.00013972753152381238, 0.00010151939646973301, 7.353187710097675e-05, 5.309600713913447e-05, 3.8221493964336223e-05, 2.742919352022745e-05, 1.9623569316291154e-05, 1.3995955527248114e-05, 9.95145741438045e-06, 7.053918032772935e-06, 4.984639030008488e-06, 3.5115317826170458e-06, 2.4661476712487475e-06, 1.7266373770739056e-06, 1.20515465504183e-06, 8.385790573989148e-07, 5.817077189061347e-07, 4.0227702166018883e-07]"
10,Afghanistan,"[0.6976537560210918, 0.8609019460842254, 1.0589448419564627, 1.2983712369192189, 1.5868297331344807, 1.9331594192684012, 2.3475286823703336, 2.8415810081285384, 3.4285861987910446, 4.123594965086351, 4.943594332036568, 5.90766074577923, 7.037107189336303, 8.355620022595902, 9.889380671591137, 11.667166723540888, 13.720426459085166, 16.083320396404467, 18.79272306040074, 21.88817795239763, 25.411798611273912, 29.40810875481205, 33.92381479826727, 39.00750459111699, 44.70926701405016, 51.080228152505256, 58.1720011195863, 66.03604824082089, 74.72295622723638, 84.28162713223365, 94.7583902808864, 106.19604293482524, 118.6328301570909, 132.10137710308445, 146.62758970934206, 162.2295423956915, 178.91637384592508, 196.68721409071355, 215.53016788621144, 235.42138066713724, 256.3242140646565, 278.1885580378228, 300.95030600732713, 324.53101795431803, 348.8377942287291, 373.763379798568, 399.186514887938, 424.9725434486362, 450.97428576736127, 477.03317583430766, 502.9806580208963, 528.639831288433, 553.8273227475277, 578.355366095068, 602.0340544634075, 624.6737317177568, 646.0874814187467, 666.0936687005961, 684.5184873539324, 701.1984625722204, 715.9828592160803, 728.7359461280334, 739.3390690091525, 747.6924876248502, 753.7169375739014, 757.3548824266333, 758.5714285714286, 757.9398120978838, 756.0481163786854, 752.905776288315, 748.528429490066, 742.9377868085952, 736.1614528627734, 728.2326990322701, 719.1901913704199, 709.077676576417, 697.9436295946008, 685.8408668112502, 672.826129164498, 658.9596397663394, 644.3046408539645, 628.9269150386187, 612.8942959028791, 596.2761730117558, 579.1429963506125, 561.5657850858959, 543.6156453663544, 525.3633016470891, 506.8786457314379, 488.230307392157, 469.4852500599382, 450.7083946608141, 431.96227425155075, 413.3067216509944, 394.7985918028513, 376.4915201387509, 358.4357177466863, 340.67780369571005, 323.26067442929116, 306.223409722729, 289.6012143095271, 273.4253939220663, 257.7233641669722, 242.5186903681795, 227.83115626302686, 213.67685923019926, 200.06832956362706, 187.01467118352377, 174.52172109387968, 162.59222485360107, 151.22602532420035, 140.42026198813866, 130.16957819579324, 120.46633379245588, 111.30082069635928, 102.66147914091978, 94.53511245548678, 86.9070984351946, 79.76159553834157, 73.08174234548632, 66.84984891472317, 61.04757886914253, 55.656121252304395, 50.65635138293556, 46.02898012857852, 41.754691197471644, 37.81426621673723, 34.18869752154973, 30.85928872321559, 27.80774325320693, 25.01624119463529, 22.46750481219512, 20.14485327627147, 18.03224714694767, 16.11432323952893, 14.37642053555197, 12.804597832868685, 11.385643846174847, 10.107080476303167, 8.957159963771934, 7.924856630577983, 6.999853895160876, 6.1725272199558905, 5.43392362008347, 4.77573832654062, 4.190289158759329, 3.670489120509762, 3.209817690708795, 2.8022912375273905, 2.4424329409697316, 2.1252425664352836, 1.8461663901996221, 1.601067537705793, 1.3861969574094368, 1.1981652169564674, 1.0339152749084737, 0.8906963502200942, 0.7660389833055689, 0.657731356847628, 0.5637969214923907, 0.4824733511907887, 0.4121928351080491]"
11,Bolivia,"[1.5422635713448047, 1.7981476171627455, 2.092492571254519, 2.430380934065545, 2.817452584917244, 3.2599483870656685, 3.764754612688633, 4.339447771656898, 4.992339356414994, 5.732519940536212, 6.569901991396731, 7.5152606789920515, 8.5802718844399, 9.777546534607758, 11.12066031518815, 12.624177745209247, 14.303669533365673, 16.175722082770882, 18.25793796797451, 20.56892617863122, 23.12828091037454, 25.95654768754797, 29.07517562672536, 32.50645469654703, 36.27343690025262, 40.39984040411484, 44.90993575915036, 49.82841351601792, 55.18023271445102, 60.990449938958385, 67.28402887130852, 74.08563053633189, 81.41938472897597, 89.3086434247815, 97.7757173097497, 106.84159691491617, 116.52566020114568, 126.84536880528758, 137.8159555238764, 149.45010596841996, 161.75763766994208, 174.7451802324204, 188.41586042744686, 202.76899637811889, 217.7998051912084, 233.4991285556754, 249.85318092564148, 266.84332494070577, 284.44587870043983, 302.6319593985244, 321.3673676319043, 340.61251642948775, 360.322408692679, 380.44666630735884, 400.9296136763891, 421.7104178375856, 442.7232866803306, 463.89772606221, 485.15885586449394, 506.4277842226185, 527.6220383371453, 548.6560494251407, 569.4416885256529, 589.8888490407331, 609.9060710903855, 629.4012020011706, 648.2820865488472, 666.4572799498292, 683.8367760577775, 700.3327427826205, 715.8602564203414, 730.3380263719637, 743.6891016460823, 755.8415505857031, 766.7291054392437, 776.2917637070351, 784.4763386357157, 791.2369517981497, 796.5354613780916, 800.3418205665771, 802.6343613586259, 803.4000000000001, 802.1611413405063, 798.456015650463, 792.3187975920624, 783.8058613840973, 772.9949186425923, 759.9838373196955, 744.8891668433843, 727.8444005373801, 708.9980115364641, 688.5113025791031, 666.5561131605591, 643.3124295033637, 618.9659436217587, 593.7056074316001, 567.7212264308893, 541.2011350239536, 514.3299921881215, 487.2867320131297, 460.2426988267588, 433.35999131470925, 406.79003441508405, 380.6723919860355, 355.133827472957, 330.28761419347444, 306.2330915549742, 283.0554586433823, 260.82579227569823, 239.60127287215414, 219.42559843294882, 200.32956453167975, 182.33178657218315, 165.43953958523528, 149.64969053473294, 134.94969841100252, 121.318658249392, 108.72836655229466, 97.14438733196997, 86.52710004567182, 76.83271297846156, 68.01422805934055, 60.02234559405034, 52.80629989052056, 46.3146191760519, 40.49580550363628, 35.298932473045525, 30.674160515350458, 26.573171182411276, 22.949523330307777, 19.7589352813441, 16.959497994879335, 14.51182498145228, 12.379145171893072, 10.527345222267753, 8.92496781882387, 7.543172468974241, 6.355665050239561, 5.338602064554445, 4.470475135329596, 3.7319808126922407, 3.1058802400524512, 2.5768527019561205, 2.1313465359687345, 1.7574303643481302, 1.4446470961283484, 1.1838726760153948, 0.9671811198449792, 0.7877169817312402, 0.6395760479476699, 0.5176947478448194, 0.41774851213175396, 0.33605909190097066, 0.26951067525687805, 0.21547449908048272, 0.17174154767845518, 0.1364628539494371, 0.10809686831794468, 0.08536333216853277, 0.06720308216436321, 0.052743216208366424, 0.04126706775785269, 0.0321884599254969, 0.025029741831576382, 0.019403144904318468, 0.014995034485802401, 0.011552670737049433, 0.008873131287126275, 0.006794085439254483, 0.005186145364788686, 0.003946553114888999, 0.0029939931584480046, 0.0022643483497895383, 0.001707242687840915, 0.0012832369830690876, 0.00096156369737423, 0.0007183049096017549, 0.0005349327604883367, 0.00039714503899810255, 0.0002939399884451978, 0.00021688413696018457, 0.00015953518834207196, 0.00011698893167707749, 8.552491391658479e-05, 6.233042688852352e-05, 4.528633155124014e-05, 3.2801504754538994e-05, 2.3685359320144718e-05, 1.7050054553552317e-05, 1.2235765726902128e-05, 8.753789888233378e-06, 6.243392932032834e-06]"
12,Bahrain,"[0.19585264315409276, 0.23274935356900162, 0.27608140843296214, 0.3268703079339623, 0.3862810599361293, 0.4556391034078458, 0.5364486969417895, 0.6304128147969322, 0.7394545791804532, 0.8657402408518544, 1.0117037003541682, 1.1800725390644065, 1.3738955026475783, 1.5965713492785316, 1.851878941099183, 2.1440084198045266, 2.4775932660714552, 2.857742997917044, 3.2900762152491843, 3.780753647207596, 4.336510805856624, 4.96468979497128, 5.673269766769608, 6.470895463332237, 7.366903224087257, 8.371343787228394, 9.495001162501632, 10.74940680677706, 12.146848293658685, 13.70037163559421, 15.423776393111721, 17.331602692547524, 19.43910927255628, 21.762241692403013, 24.317589863043473, 27.122334106713268, 30.19417901342135, 33.551274444426554, 37.2121231342735, 41.195474464777384, 45.52020412664399, 50.2051795469726, 55.26911114307412, 60.730389663749705, 66.60691009684703, 72.91588285446176, 79.67363319201803, 86.89539007156115, 94.59506593937199, 102.78502914946226, 111.47587102319575, 120.67616978643763, 130.39225386418593, 140.6279672333266, 151.3844397315882, 162.6598653895861, 174.44929198775554, 186.74442513594792, 199.53345022582192, 212.80087561069993, 226.52740032069883, 240.68980951982192, 255.26090075430673, 270.2094438267827, 285.50017685868204, 301.09384077490745, 316.9472540622123, 333.01342921946343, 349.24173183847245, 365.578082734101, 381.96520298860946, 398.3429011955254, 414.64840159128687, 430.8167111579941, 446.7810231777658, 462.4731541288517, 477.824010246417, 492.764079537391, 507.22394454934187, 521.1348107579424, 534.4290450654736, 547.0407186023439, 558.9061478020649, 569.9644275835083, 580.1579504271356, 589.4329051772504, 597.7397495414698, 605.0336504911592, 611.2748870903413, 616.42921069164, 620.4681579305527, 623.3693125165024, 625.1165124520231, 625.7, 624.7351582483878, 621.8495506503543, 617.0697929466685, 610.4397902265741, 602.0200654651107, 591.8868396949632, 580.1308833630889, 566.8561630772203, 552.1783119471814, 536.222954971054, 519.1239233315433, 501.02139300504683, 482.0599837243396, 462.3868540825893, 442.14982745557313, 421.49558150919563, 400.56793143155045, 379.5062337821948, 358.44393409995394, 337.507277278583, 316.8141953367166, 296.4733827055793, 276.583564662471, 257.2329601703472, 238.49893625335744, 220.4478472406825, 203.13504882611946, 186.6050739807155, 170.8919553640728, 156.01967703195422, 142.00273694077046, 128.84680099387816, 116.5494291356515, 105.10085423918879, 94.48479520369004, 84.67928672114857, 75.65750952652927, 67.3886065454031, 59.83847213171944, 52.97050348111698, 46.746305250432286, 41.126340355363105, 36.07052180539666, 31.53874222507495, 27.491339368166027, 23.88949742899525, 20.69558527363049, 17.873433840893174, 15.388555894370183, 13.208312043061985, 11.302027496757146, 9.641064393892824, 8.19885474928172, 6.950899133978212, 5.874736138706974, 4.949887505520157, 4.157783559611297, 3.481673253890625, 2.906522771348687, 2.4189062312681338, 2.00689163008955, 1.6599247293448312, 1.3687131926470313, 1.1251128803180328, 0.9220178409046956, 0.7532551987640074, 0.6134858295609124, 0.49811144286887854, 0.40318845372977785, 0.32534882255518854, 0.26172787378944157, 0.2098989662786017, 0.16781477977926068, 0.13375489965448023, 0.10627932252447447, 0.08418746640096837, 0.06648224662416101, 0.05233877086164061, 0.04107720983516912, 0.03213941286543245, 0.02506885657876949, 0.019493539288047475, 0.015111460999044146, 0.0116783583243298, 0.008997393677087169, 0.006910528063673028, 0.005291335896616293, 0.004039047989480061, 0.0030736349066293835, 0.002331766889769625, 0.0017635085417765921, 0.0013296262755564607, 0.00099940425728943, 0.000748880265679681, 0.0005594266640998483, 0.00041661367716897224, 0.0003093025278828887, 0.00022892488271117784, 0.00016891262695542381, 0.000124248403467307, 9.111273904698454e-05, 6.66080889191027e-05, 4.8543873667101276e-05, 3.526967594176121e-05, 2.554630510942874e-05, 1.84465139738792e-05, 1.3278838852573667e-05, 9.529398326266693e-06, 6.817583187786439e-06, 4.862448291726344e-06, 3.4573164376334525e-06, 2.450658807943379e-06, 1.731753826250034e-06, 1.2199697037109858e-06, 8.56784340866375e-07, 5.998650787535495e-07, 4.1869254173218937e-07, 2.9133754370599724e-07, 2.0209579107138727e-07, 1.3975831896323164e-07, 9.635131640254706e-08, 6.622122676086734e-08]"
13,Armenia,"[0.23854620024727435, 0.28389471442666403, 0.33720037195132185, 0.39972813523674483, 0.4729196119218426, 0.5584134445052269, 0.65806734685038, 0.7739818062561091, 0.9085254482940169, 1.0643620362875896, 1.2444790479463663, 1.452217738122203, 1.691304558833792, 1.9658837655967427, 2.2805509927748573, 2.6403875303107522, 3.0509949800930087, 3.5185299127919407, 4.0497380858045355, 4.651987720696519, 5.333301275075584, 6.102385080193124, 6.968656152931165, 7.9422654305205596, 9.034116619841502, 10.255879802097187, 11.619998889768398, 13.139691997885704, 14.82894376770198, 16.70248866974786, 18.77578431693609, 21.064973838725965, 23.586836406140957, 26.35872505627022, 29.39849104518521, 32.72439406109864, 36.35499775588839, 40.30905020321711, 44.60534906536678, 49.2625914480493, 54.29920864178107, 59.733186188275276, 65.58186996846402, 71.86175928234913, 78.58828817641279, 85.77559656771997, 93.4362930104572, 101.58121124531039, 110.21916295915695, 119.35668945604363, 128.99781519406923, 139.14380637017877, 149.79293792955897, 160.94027253198593, 172.57745511806914, 184.69252677824667, 197.2697616315906, 210.28953036570164, 223.72819396983962, 237.55803100861445, 251.74720153188727, 266.2597503981273, 281.05565240478387, 296.09090117317714, 311.31764323127993, 326.6843581813246, 342.13608523755585, 357.614695781093, 373.05921091341685, 388.40616230809854, 403.5899939736023, 418.5435018604463, 433.1983075863201, 447.4853619255982, 461.3354731276929, 474.67985460400354, 487.45068606734253, 499.5816818311663, 511.0086596879852, 521.6701035947845, 531.507713304265, 540.466934098453, 548.4974599079582, 555.5537033360108, 561.5952264493147, 566.5871266435546, 570.5003724337691, 573.3120846504487, 575.0057592310121, 575.5714285714286, 574.6838860665208, 572.0294617617474, 567.6326390516056, 561.533805525895, 553.7886353019318, 544.467242889337, 533.6531265713566, 521.4419235686021, 507.9400029304765, 493.26292508467697, 477.53379919696516, 460.8815709074028, 443.4392735965123, 425.3422761019092, 406.7265587841056, 387.7270480834149, 368.4760372925675, 349.10171828317146, 329.7268454733474, 310.46754952291394, 291.43231421074245, 272.7211258067031, 254.4248001153213, 236.62448835049406, 219.39135920107242, 202.78645095383678, 186.86068442668446, 171.65502478784967, 157.20077813690935, 143.52000702338947, 130.6260478856513, 118.52411269762669, 107.21195689114816, 96.68059584230042, 86.91505282670087, 77.89512230861608, 69.59613367482966, 61.98970199580563, 55.04445403289975, 48.7267194514533, 43.00117898901612, 37.831463113714456, 33.18069644374144, 29.011984845504916, 25.288843652672647, 21.975566826051246, 19.037538087047018, 16.441486094421926, 14.155686590656742, 12.150115121691531, 10.396554438328396, 8.868661029474232, 7.541995430228098, 6.39402100751118, 5.404075869962875, 4.553322395429281, 3.8246786368807313, 3.202735573854501, 2.6736638383898854, 2.2251131774194186, 1.8461075315945106, 1.5269382256513446, 1.259057387879835, 1.0349733543691304, 0.8481494739617386, 0.6929074170232621, 0.5643358084204926, 0.4582047542908997, 0.37088661386727434, 0.2992831813682629, 0.24075928754027717, 0.19308270397417432, 0.15437013350319442, 0.12303899420258471, 0.09776464998084605, 0.07744270465752678, 0.06115595599185933, 0.04814559871265326, 0.03778626873350907, 0.029564532166220077, 0.023060440456599985, 0.01793179519887287, 0.013900791425637311, 0.010742735151196321, 0.008276558625764104, 0.006356884305244099, 0.004867415312556689, 0.0037154556838318604, 0.0028273876204501897, 0.002144955090043567, 0.0016222233189839698, 0.00122310195762848, 0.0009193360014199213, 0.0006888829860095971, 0.0005146076462152762, 0.00038323626231507316, 0.0002845224513893373, 0.00021058434038296207, 0.0001553800255721369, 0.00011429412031548205, 8.381315226838528e-05, 6.127171630746472e-05, 4.465473344248751e-05, 3.244401113481036e-05, 2.3499637728233153e-05, 1.696865334842332e-05, 1.2214991606433778e-05, 8.765941198778169e-06, 6.271385799582538e-06, 4.472888460322254e-06, 3.1803301279082124e-06, 2.2543218651576233e-06, 1.5930126637506306e-06, 1.122230629980493e-06, 7.881422199937498e-07, 5.518062974721001e-07, 3.8514857659740884e-07, 2.679967496042062e-07]"
14,Austria,"[16.491231926419097, 25.510167704145307, 38.431832299573315, 56.387966154380486, 80.57481794517766, 112.13205935025147, 151.97698562923577, 200.60576848511397, 257.8852902739053, 322.8696977747412, 393.6820072548858, 467.4997772844373, 540.6731626165512, 608.9838571179077, 668.0274536055128, 713.674868842151, 742.5471913541602, 752.4285714285714, 749.3257776018756, 740.0939553355124, 724.959642496663, 704.2901160621643, 678.5785789406723, 648.4246072391663, 614.5109397821808, 577.5778627098153, 538.3965264137213, 497.74252732932314, 456.3709978152065, 414.99428461093873, 374.2630764075454, 334.75158353356454, 296.947098768281, 261.2439984979905, 227.94199629983854, 197.24825148423452, 169.28277360240403, 144.08645602031956, 121.63101819465098, 101.83013382960632, 84.55106380298531, 69.62618940877331, 56.863942587670735, 46.058744710922895, 36.999684153400636, 29.47777674997644, 23.291755549016855, 18.252422409100923, 14.185661348514778, 10.934261449035048, 8.358726395274745, 6.337260430414839, 4.765119423106079, 3.553504037904179, 2.628152892071988, 1.9277700524380261, 1.402395861328862, 1.011804957446163, 0.7239920109133048, 0.5137851341248836, 0.36160971021987737, 0.252411665880369, 0.17473888158003023, 0.11997215767875503]"
15,Algeria,"[21.929271733605685, 23.4855193892268, 25.124184113288397, 26.847237422881953, 28.656495483845053, 30.55360009427033, 32.53999937936275, 34.61692831147497, 36.785389178157025, 39.04613212952732, 41.39963594408846, 43.84608915914606, 46.385371718124375, 49.017037292185364, 51.74029643753705, 54.554000752550735, 57.45662820019645, 60.446269761258066, 63.5206175822263, 66.67695477862048, 69.91214704970555, 73.22263625411391, 76.60443608773161, 80.05312999536315, 83.56387143616845, 87.1313866097053, 90.74997973467069, 94.4135409561918, 98.11555693987472, 101.84912419189253, 105.60696512432716, 109.38144686392647, 113.16460278057843, 116.948156689328, 120.72354965687515, 124.48196932041503, 128.21438160364121, 131.9115646919627, 135.5641451067338, 139.16263569679558, 142.69747534512857, 146.15907016915176, 149.53783597540402, 152.8242417132334, 156.00885365790012, 159.08238004136808, 162.03571583918185, 164.8599874143597, 167.54659671430005, 170.08726471440366, 172.47407380252596, 174.6995088015447, 176.75649633326432, 178.6384422355695, 180.33926675613478, 181.85343726002026, 183.175998205022, 184.30259815756537, 185.22951364306053, 185.95366964779154, 186.4726566143657, 186.78474379926737, 186.88888888888889, 186.66114922004118, 185.9795939796559, 184.84919422474061, 183.2781679232382, 181.27788046157877, 178.86270772465525, 176.0498640555578, 172.85919797483749, 169.31295904957747, 165.43553974079967, 161.25319641524754, 156.7937539779924, 152.0862987614163, 147.16086439205563, 142.04811534990972, 136.77903283774882, 131.38460739536464, 125.89554243220414, 120.34197251966626, 114.75319989119355, 109.15745215491252, 103.58166374150247, 98.05128310117063, 92.59010714016459, 87.22014386102234, 81.96150365310604, 76.8323191814554, 71.84869335219162, 67.02467439994925, 62.37225675410359, 57.901406001429564, 53.62010597729643, 49.53442578807504, 45.64860439512861, 41.9651502751864, 38.48495361137006, 35.20740846080471, 32.130542384747905, 29.251151110828992, 26.5649359189915, 24.06664159730186, 21.750192994889808, 19.608828400796074, 17.635228193367684, 15.821637429233414, 14.15998126833133, 12.64197235692415, 11.259209509543314, 10.003267239463574, 8.86577588237861, 7.838492236831177, 6.913360805700985, 6.082565864353712, 5.3385747021795895, 4.674172485018584, 4.082489266685426, 3.5570197391992004, 3.091636354467604, 2.6805964764393404, 2.3185442336975273, 2.0005077398482753, 1.7218923346746222, 1.4784704747190716, 1.2663688695507702, 1.0820534212254338, 0.9223124810202991, 0.7842388909586017, 0.6652112293193808, 0.5628746304894172, 0.4751215012186488, 0.40007240848315784, 0.3360573694697692, 0.2815977322432239, 0.2353887968619947, 0.196283291357205, 0.16327578524404812, 0.13548809515343638, 0.11215571271943751, 0.09261526392631148, 0.07629299153847856, 0.06269423779245478, 0.051393892973609315, 0.04202776656320482, 0.03428483104222745, 0.027900283895277093, 0.022649370592585493, 0.018341910074118645, 0.01481746426509679, 0.011941094184127858, 0.009599647051243146, 0.0076985212732568935]"
16,Azerbaijan,"[0.6411617404746034, 0.7443932854966665, 0.8627020495254818, 0.9980280494478764, 1.1525192805554794, 1.3285478056742548, 1.52872619776609, 1.7559242013368643, 2.0132854543646057, 2.304244087663947, 2.6325409928780372, 3.0022395239407405, 3.417740370241571, 3.883795313272811, 4.405519552719164, 4.988402263297543, 5.6383150207533586, 6.361517714901807, 7.164661550141992, 8.054788720172871, 9.039328334431085, 10.1260881697871, 11.323241823011486, 12.63931084816717, 14.083141479071344, 15.66387556091901, 17.39091534760925, 19.27388186271161, 21.32256657267857, 23.546876181044542, 25.95677042198257, 28.562192810579564, 31.37299439520507, 34.39885065385235, 37.64917178057317, 41.1330067191352, 44.8589414176082, 48.83499189831326, 53.06849286081464, 57.565982659565705, 62.333085620421585, 67.3743927793275, 72.69334223978672, 78.29210045081042, 84.17144580151505, 90.33065600991164, 96.7674008493286, 103.47764180401826, 110.4555402736651, 117.69337595280106, 125.1814769938496, 132.90816352030512, 140.85970598840188, 149.02029980094443, 157.3720574556164, 165.89501936239685, 174.56718429153264, 183.36456021620455, 192.26123609446523, 201.22947489561298, 210.23982791978452, 219.26127018955316, 228.26135641246674, 237.20639672788542, 246.0616511646056, 254.79154145222887, 263.35987855383866, 271.73010402511284, 279.8655430603207, 287.72966686335826, 295.2863617864793, 302.500202514735, 309.33672644398257, 315.7627063077725, 321.74641805601055, 327.2579009778752, 332.26920709420864, 336.75463692090153, 340.6909588242714, 344.05760935095697, 346.8368721164556, 349.01403307546957, 350.57751027028013, 351.5189564564194, 351.8333333333333, 351.2907993879779, 349.66821198201956, 346.9805372410679, 343.252463152815, 338.518022001185, 332.820073143697, 326.2096571252145, 318.74523473869584, 310.4918268926802, 301.52007296997897, 291.9052267201768, 281.726109592897, 271.0640417777638, 260.001771074622, 248.62241909293985, 237.00846320545304, 225.2407712034529, 213.39770377556152, 201.55429782243957, 189.7815412964383, 178.14574779069005, 166.70803657010225, 155.52392120890636, 144.64300754344546, 134.10879932631119, 123.95860783258236, 114.2235597655794, 104.9286961731635, 96.09315374075905, 87.73041878814537, 79.84864356772853, 72.45101403709893, 65.53615814430778, 59.09858379919224, 53.12913608091994, 47.61546381874824, 42.54248644464953, 37.8928529160263, 33.64738550691485, 29.785502330360114, 26.285613548469062, 23.125487318249295, 20.282582582492232, 17.734346821462154, 15.458477813168846, 13.433149292155177, 11.63720113809439, 10.05029535936431, 8.65303966038449, 7.427080795616603, 6.35517022152638, 5.4212047667965875, 4.610245158950963, 3.9085152820382514, 3.3033850058096053, 2.783339333054459, 2.3379364696445175, 1.9577572422788103, 1.6343480822324536, 1.3601595690711816, 1.128482294794907, 0.9333815736100736, 0.769632291747345, 0.632654970526708, 0.5184539081961036, 0.4235580748470565, 0.3449652618941681, 0.28008983429124784, 0.22671430020338845, 0.182944799002185, 0.1471705134434796, 0.11802693458370042, 0.09436284697512634, 0.0752108553541654, 0.05976124070352288, 0.04733891150509941, 0.0373832035116946, 0.029430276833659185, 0.02309786105216611, 0.01807210605693034, 0.014096307132753286, 0.010961286409106659, 0.008497228216126522, 0.006566782383106975, 0.005059266435547123, 0.0038858144857529596, 0.0029753369766546784, 0.0022711710366502603, 0.001728315829709293, 0.001311160807709679, 0.0009916271194103632, 0.0007476535793776805, 0.0005619685651105393, 0.00042109803442805563, 0.00031456760106408275, 0.0002342633510478132, 0.00017392191048979223, 0.00012872527499954622, 9.498017034332204e-05, 6.986531876817566e-05, 5.123301692189664e-05, 3.745396508130248e-05, 2.72963926565582e-05, 1.9832264107681508e-05, 1.4364778138086426e-05, 1.0372540354498691e-05, 7.466738271211712e-06, 5.358414540181394e-06, 3.833551251775923e-06, 2.7341719524357547e-06, 1.9440613179490216e-06, 1.3780141557638039e-06, 9.737713300340476e-07]"
17,Cameroon,"[0.9785052383894626, 1.1560903419867836, 1.3627662701029448, 1.6026989893056172, 1.8805441542583152, 2.2014868280268614, 2.5712815425139923, 2.9962921599002343, 3.4835309068303673, 4.0406958612383725, 4.676206078742638, 5.399233453354681, 6.219730318009172, 7.148451706600264, 8.19697112351927, 9.377688602077415, 10.703829782791779, 12.189434709565138, 13.849335029608463, 15.699118294821321, 17.755078101422733, 20.034148873859593, 22.55382420102406, 25.332057769755096, 28.38714611408765, 31.737592609670084, 35.401952391326155, 39.398658157124714, 43.745827142781074, 48.461049902930135, 53.56116191684698, 59.06199944047837, 64.9781414479779, 71.32263993701082, 78.10674130459032, 85.33960192489629, 93.02800146742298, 101.17605787234343, 109.78494823926762, 118.85264017459683, 128.37363837063648, 138.3387513461962, 148.73488335405787, 159.54485644703547, 170.74726758442688, 182.31638544923968, 194.22209133045084, 206.42986800276591, 218.90084001034742, 231.5918681348297, 244.45570010831452, 257.4411788282908, 270.49350845543927, 283.55457784141225, 296.56333975843665, 309.45624340438604, 322.16771665574714, 334.6306935576607, 346.7771815965626, 358.53886241853434, 369.84771885647814, 380.63668043175056, 390.8402789194297, 400.39530512728226, 409.24145775043456, 417.32197503734517, 424.5842400450844, 430.98035047658374, 436.467644478942, 441.0091743356073, 444.57412069785744, 447.1381408602417, 448.68364557470966, 449.2, 448.50732473258074, 446.4357010582374, 443.00423684136723, 438.2444522451288, 432.19979767768535, 424.92499343291905, 416.48520506105075, 406.9550718463918, 396.4176086410003, 384.9630036327273, 372.6873363601234, 359.6912413902302, 346.07854353359966, 331.9548902891147, 317.42640641368615, 302.59839414085127, 287.5741006857159, 272.4535723429149, 257.3326117911128, 242.30185225114184, 227.44595899832677, 212.84296549679752, 198.5637481962314, 184.6716408958286, 171.22218661500423, 158.26302218397726, 145.8338883373707, 133.9667560046946, 122.68605777455888, 112.00901218276144, 101.94602754322213, 92.50117149824207, 83.67269229300726, 75.45357795148409, 67.83214001198267, 60.79260922988642, 54.315731627484325, 48.37935441936243, 42.95899261877636, 38.02836848924044, 33.55991740210034, 29.525255054545475, 25.895602357334468, 22.64216558654893, 19.736470583634613, 17.150650863200678, 14.857690434576977, 12.83162295242003, 11.04768948018393, 9.482457678989041, 8.11390562816575, 6.921473750578002, 5.8860884663214765, 4.990161244978444, 4.217566682926598, 3.553603112481467, 2.984939068207439, 2.499548706485007, 2.086639010531932, 1.7365713266511837, 1.4407794793610769, 1.1916864126925013, 0.982621010287752, 0.8077364645019344, 0.6619312995595161, 0.5407739096768293, 0.44043125241930925, 0.3576021418198821, 0.28945541539941855, 0.23357310387053007, 0.1878986110056211, 0.15068981245380833, 0.12047690439003339, 0.09602477373308696, 0.07629961911138554, 0.06043952358528846, 0.04772866418982439, 0.03757483757559367, 0.02948998347124495, 0.02307339661043991, 0.017997331588913625, 0.013994722467941386, 0.010848758639556703, 0.008384079525793425, 0.006459372286635057, 0.004961178210327512, 0.003798734353140544, 0.0028996969104593943, 0.002206611475240401, 0.001674012604897739, 0.0012660508821576556, 0.0009545598896914849, 0.0007174882409691736, 0.000537633075504735, 0.0004016213161477574, 0.00029909359722599056, 0.00022205321324115964, 0.00016434882102263237, 0.00012126506637106659, 8.919990864234344e-05, 6.541128716622255e-05, 4.7819008378553504e-05]"
18,Czech Republic,"[29.72832256310473, 38.34867662473967, 48.71116781142345, 60.926311260464686, 75.03768229099624, 91.00224809794408, 108.67333978181487, 127.7885935608326, 147.96511967744897, 168.70377176955358, 189.40368235214837, 209.3872471988347, 227.93458131590623, 244.32527434534424, 257.8842113700717, 268.0274631176009, 274.3039243717648, 276.42857142857144, 275.9088517739052, 274.3555482853894, 271.78611757491507, 268.22929082677535, 263.72453902623994, 258.3213438981889, 252.0782933836293, 245.0620247679547, 237.34604210258223, 229.00943722753757, 220.13554543707144, 210.810567599992, 201.12219035409575, 191.15823487819145, 181.00536277664014, 170.74786488949815, 160.4665554890498, 150.2377904809398, 140.13262404641517, 130.21611379684393, 120.54678011606809, 111.17622108552895, 102.14888035334715, 93.50196163575218, 85.26548032048265, 77.46243994683252, 70.10911921148738, 63.215453614657925, 56.78549491579291, 50.81793118993438, 45.306650423980294, 40.24133121126857, 35.60804512621964, 31.38985671394271, 27.567408634504236, 24.119481279326052, 21.02351805194073, 18.256109406409408, 15.793430600848342, 13.611629896441046, 11.687165569714855, 9.99709157382954, 8.519292959611867, 7.2326732354137615, 6.117296701974447, 5.154489447706578]"
